"review_date","user_rating","review_title","review"
"31 July 2023","4","Timeless Charm, Excellent Service, Amazing Food, Unbeatable Prices!","One of the oldest restaurants in town, I was instantly transported back in time with its charming old interiors.

The service was simply outstanding, as the staff was attentive and courteous in spite of the heavy rush, there were at least a 50 people waiting...outside to get in. And everyone got a smile from the staffs.

Now, let's talk about the food. The food was beyond amazing! Prepared with authentic flavors, the biriyani was so good that my kids just loved it.
The most delightful surprises, they had Vegetable biriyani and i didnt leave a tiny grain of rice behind. Every bite was a pure delight.

What impressed me the most was the unbelievable affordability. Despite its longstanding reputation and excellent service, the prices were incredibly cheap.

It's a place where time slows down, and you can savor both history and culinary artistry.

I can't recommend it highly enough, and I'm already looking forward to my next visit!More"
"31 May 2023","5","Great place for non-veg Kerala food in Kozhikode, a place not to be missed.","Been here for breakfast and late lunch on our way to Wayanad from Kozhikode and back. 

Breakfast was extraordinary. We ordered Appam, Idiappam, Chicken curry, Veggie stew, Parotta and a Pazham Pori. Except Idiappam, everything tasted great. Idiappam was a little soggy. We thoroughly enjoyed...the breakfast. 

Two days later, we were at the same place for lunch, somewhat late in the afternoon like 4:30PM. We ordered Nei Choru, Parottas, Fish Fry, Chicken curry and Fish Curry. All tasted good, particularly the fish fry was quite unique and tasted extremely good. It was like I never had it anywhere else, except one Malayali restaurant in Chennai called Kumarakom which is not that famous anymore. 

The building and ambiance looks old, but kept neat and clean. Surprisingly the breakfast was pretty cheap, like Rs. 400 for 3 people. The lunch was quite expensive, due to the fish dishes we ordered, still its worth the money. 

I would strongly recommend this place for anyone landing in Kozhikode for anytime, breakfast, lunch or dinner. This is both cost effective and tasty. I will never miss it whenever I visit Kozhikode.More"
"15 May 2023","5","Best restaurant since 1939","Paragon is a Kozhikode institution with an unmatched cuisine with awesome taste 

It‚Äôs maintained it‚Äôs standards over the last 18 years the first time i got to visit 

There will be a significant waiting time most of the days specially during the vacation time but...hats off to the staff and the customers who display patience and wait their turn

There are other outlets in Focus Mall, Gulf countries and now Bengaluru

The management could look at expanding the capacity to reduce the waiting timeMore"
"26 April 2023","4","Very good to check out Indian cuisine","Indeed very good food (at a price). Went here twice during my short stay in Calicut, as the restaurant is also centrally located on the upper floor of Focus mall. Excellent service and comfortable ambience.

Try the delicious curd rice for breakfast."
"1 April 2023","2","Lunch at Paragon Kozhikkode ","Went for lunch with family . A very crowded place. Food is ok( not upto the expectation as the biriyani was bland), probably should come in the early hours for a better meal. Restaurant should be well lit as the place was very dark, had...to use my mobile light to see the menu. Ordered for 6 chicken biriyanis, chicken 65 and a thali( dessert was missing)More"
"8 March 2023","5","A very nice restaurant, excellent service, high quality food‚Äù","Very classy restaurant. A warm welcoming, followed by an excellent service, with a lot of attention to details on order to please you.
The service always with a smile and very patient with us.
Food was delicious  
if you have the opportunity to go eat...there, do not hesitate !More"
"22 February 2023","5","Famous For Biriyani","Best restaurant in  Kozhikode. I bought Biriyani The rice was cooked perfectly and the spices were just right .The chicken was tender and juicy, and the flavors blended together perfectly."
"19 January 2023","5","Outstanding meal","Our meal at the Paragon restaurant in Calicut was the highlight of a recent trip to Kerala. Chef Thomas's spread was outstanding - from the raw mango drink to the squid, beef Kappa, chicken biriyani, neimeen curry with Kerala parotta, to the elaneer payasam, it...was a meal so sumptuous you could feel the kilos piling on even as your taste buds were overwhelmed. Go if you are in vicinity or even if you are not. And go early as the place is always crowded at lunch and dinner time with long queues waiting patiently to be seated.More"
"16 December 2022","5","Famous for biriyanis","I visited the restaurant for a late lunch and tried their chicken biryani and fish fry. The place was always crowded, and the service was quick and professional. We had our lunch at 5 pm; the taste was delicate, not superb; however, it was reasonably...good. I didn't find it very tasty as per the hype, or what I was told by many of my local friends thought it was good. It's located under an Outerbridge and there is a car parking nearby.More"
"8 October 2022","5","Kerala's No.1 restaurant.","Best restaurant in Kerala.No need of further description.Mango fish curry is one of their tastiest curries.Try chicken fry also."
"4 August 2022","1","Paragon is just hyped!! Nonsense! ","This restaurant is just hyped! The food is not worth waiting for two hours!! The mango fish curry had no mango taste no sourness!!"
"17 March 2022","5","Food from heaven!","At peak lunch time on a Sunday, five of us dropped in at Paragon on our way to Tellicherry. Though it was past 2pm, the restaurant was brimming with guests - many waiting for their turn at the tables. We were lucky to find a...table for five and from there on, it was a trip to food heaven! We ordered neichoru, fish with mango curry, prawn roast, mutton biriyani - and each item was to die for. All the meat and seafood was fresh. How the restaurant manages to retain the right taste, especially with consistency given the volumes that have to cater for, is amazing. The service was top class and very proactive. Paragon is a restaurant that I can go to, again and again. The food does not fail, ever. The taste is worth the effort.More"
"9 March 2022","5","Mouthful of taste flavours and local kerala cuisine.","The food has hangover . Delight for foodies- loved by the localities . Kerala cuisine at its best. Don't miss soup in bun and mango fish curry with one of the best aapams. A must visit for a foodie - veg or non veg"
"26 November 2021","3","Portion","I had came for a take away on 26th nov night ordered food. Waiter was not interested on giving suggestion. Ordered chicken 65  . Portion of 6 pcs chicken on high price. Still we trust paragon we took it home. At our dining table kids...and we were upset by seeing huge pieces of bones and very less meat on it. 
Paragon team pls don't come down as standard  of Highway Daba on portion as you are taking high standard pricesMore"
"16 June 2021","1","parcel service is not good","I ordered a biryani at 12.45pm and brought it at 3pm so I sent it back and this one incident made me very angry. This will never be forgotten as I skipped my lunch"
"12 January 2021","4","Paragon Restaurant","‡¥Æ‡µä‡¥π‡¥¨‡µç‡¥¨‡¥§‡µç‡¥§‡¥ø‡µΩ ‡¥ö‡¥æ‡¥≤‡¥ø‡¥ö‡µç‡¥ö ‡¥≠‡¥ï‡µç‡¥∑‡¥£‡¥Ç
Posted from Bangalore when my friend Suresh Haridas today whatsapped he and family had 
chicken biriyani and fish curry meals from there"
"4 January 2021","5","Excellent! Must try even though you have tried Kochi!","The food here is out of this world. This is the true taste of Paragon. Eventhough you have to wait for like 1 hour, still its worth it."
"22 October 2020","5","Very good","Had a good experience in paragon.super food. You can get it fresh when you order it.good place for family,couple,and solo."
"16 October 2020","1","Review","Very bad mannered staffs and average food.. and they think they are top. Very arrogant and cheap staffs.. especially the cashiers they think they are giving free food to people. Terrible experience"
"2 August 2020","5","Fabulous ","Paragon is the heaven of calicut. Because i started to eat there since i ws a kid. We always prefer to dine with family there and also with friends. 2 times i alone went there to eat biriyani.. foodie like me love the little cute...More"
"9 July 2020","3","One of the oldest resturant","Best resturant you can get desi food taste of malabar .it is one among the oldest resturant in calicut"
"6 July 2020","5","Good food","One of the best restaurant in kerala, when I go calicut I always choose this restaurant, good for family"
"2 July 2020","5","Good quality of food available there @paragon restaurant","Hotel paragon is a most popular restuarant in Calicut.There created a different types of food.different variety are available there.basically sometimes I had chicken biriyani ,beef chilli porotta it's my favorite.
#paragon restaurant calicut"
"9 June 2020","5","Delicious ","'Appam' one of the best food we tasted, for meal lots of items with super taste, i always go to paragon with my family. Lots of people come there so we need stand in que for our table, then also no disturbing mind because if...More"
"2 April 2020","5","Paragon biriyani","Excellent food.supet tasty.very authentic.meals, biriyanis,Madan fish curry,fish fry, soups,salads everything in high standared"
"21 March 2020","5","The best kerala biriyani I ever had","I am not a fan of kerala type biriyani ,since I tried many so called kerala biriyani though they had  good rating by many food bloggers.But Paragon biriyani was beyond my expectation and I thoroughly enjoyed it.This the best Kerala Chicken Biriyani I ever had"
"15 March 2020","5","Worth the hype !!","While in Kozhikode visit paragon is what we were told by our foodie friends. My experience with these overhyped restaurants has never been exceptional but I have to eat my words here. There was hardly any wait (guess the chicken flu scare)and we were seated...More"
"15 March 2020","4","Excellent and signature dishes","A fine restaurant for native Malabar dishes and delicacies. Biriyani here is a must have item while on visit to Kozhikode."
"7 March 2020","5","Delicious","Here the chicken biriyani is delicious it s smell  should fill watering mouth.another delicious  dishes are kanthari chicken and vellayappam it's have good taste . Tender coconut payasam is one of the delicious dessert here. Should try those dishes. I promise you  it ll like...More"
"3 March 2020","5","Excellent Food ","Awesome taste & excellent spread. You never get such authentic food elsewhere.

Any sea food is awesome in this restaurant."
"29 February 2020","4","Good","This place is serving one of the best. Seafood and chicken dishes and I will definitely recommend it to each and everyone."
"23 February 2020","4","Hotel Paragon","A good restaurant.Always a huge crowd will be there.There was actually a queue of people, waiting for the tables to be available. Food was decent - some items were great. One item was undercooked. Great service. Decent ambience."
"10 February 2020","5","Paragon Chicken Biriyani","I am writing this to make people aware of the importance of Paragon biriyani when you are at Calicut. Don't miss this out guys! It is just epic.
    
     My mother's home is at Calicut. I used to go there on vacations. I have tried the...More"
"5 February 2020","5","Yummy Authentic food","we ordered for alleppy Veg curry with upam and kerala paratha it was supertasty with kerala flavours i will surely visit next time."
"3 February 2020","4","LOVELY MALABAR CUISINE","This restaurant is an iconic one in Kozhikode, which is the forerunner of Malabar Cuisine. Had dropped in for dinner during our recent trip to Kerala and were treated to a variety of fish dishes. It was established in 1939 and enjoys cult status in...More"
"3 February 2020","5","Delicious","It is very nice taste food included arabic style 
I eat sea food platter which it is very delicious taste , seafood soup ooooh and also the dal white talka it is fantastic"
"29 January 2020","5","Amazing food, great drinks, nice staff, quite busy though","We headed over to Paragon after a long train ride, there was quite the line-up and we waited for about half hour, well worth the wait.  While their chicken biriyani was really good, their mango fish curry served with the Kerala parotta was just lip...More"
"25 January 2020","4","Lived upto its name","The reputation precedes it and it lived upto our expectation..v wer ther on a weekday fr lunch n even at 3pm ther ws quite a lot of waiting..it has 3 separate seating spaces - regular non AC , deluxe AC n super delux AC n...More"
"24 January 2020","5","A family Restaurant.","I remember going there as a teenager with my Dad and his friends after watching Sait Nagjee football matches as our family in Feroke were in the Tile business. Paragon Biriyani is unbelievable and they have kept up their quality and also their service as...More"
"17 January 2020","5","EnjOy the RaEl Flavours of Calicut ","Yummy food ü•ò.. The place is so crowded and we waited an hour to get a table .. but I heard about the foods here so my patience level was in the peak , never I waited so long for food .. they have a...More"
"17 January 2020","4","Yummy Biriyani ","Enjoyed a  wonderful Biriyani in Paragon. Tasted both mutton and fish. Mutton Biriyani was smooth and yummy. Fish Biriyani was superb and class. It was so tasty, the fish really melted in mouth. Quite busy; so have some patience to wait for some time. But...More"
"10 January 2020","3","Not upto the expectations","Visited the place around 2 in the afternoon, was very crowded right from the car parking to restaurant. Seeing such crowd had a great hope of getting good food however this wasn't the case. Chicken Varattiyathu was too sweet, mango fish curry was average. Only...More"
"4 January 2020","5","Best Biriyani in my life. ","The hotel paragon is a best hotel in calicut. I never ate a biriyani like this in my life. Good in ambiance, friendly in food serving and  very neat and clean atmosphere . A special counter for take away.Not only biriyani i had try sea...More"
"29 December 2019","5","Excellent food and service","Very tasty food and the service is very quick with a friendly set of staff. Even the staff is very prompt enough while taking the orders on phone."
"27 December 2019","5","Pure excellence ","I'm still sitting at the table in paragon and feel compelled to review the incredible food and the outstanding service. As poor lost looking westerners we were whisked to a seat and every detail attended too in a thoughtful manner. They skipped the intro drink...More"
"25 December 2019","4","Yum food","Paragon Restaurant, one of the oldest restaurant  is also undoubtedly one of the best restaurant in the city with its tasty and delicious food served, keeping up its popularity with the traditional tasty treat even in the present days.

 It is tidy and well maintained...More"
"24 December 2019","4","Consistent Calicut food","Paragon provides good quality Malabar food consistently. I am a regular here for the past 15 years.

Recommended dishes - 
1. Tribal Beef Fry
2. Fish Mango Curry with Appam/Porotta
3. Fish Moilee, Putt and Pappadam
4. Prawns Mango Curry
5. Mutton Pepper Fry"
"13 December 2019","5","Family","The best restaurant in town; way better than its fancier counterpart that seems to have a higher rating on TA. Kerala food at its best and also Chinese and north indian options for the less adventurous. Not a fine dining place. No nonsense service, bill...More"
"12 December 2019","4","Authentic Calicut cuisine ","This is a good restaurant offer traditional Calicut cuisine.
Prawn fry with coconut flaks is a must to try.
Green mango fish is also recommendable.
Byraini I am told it is good.
A nice affordable place.
Usually  be prepared for a crowded setting, may have...More"
"7 December 2019","5","What's Calicut without Paragon?","Is a review even necessary? I have friends who visit Calicut just to have food from Paragon. If you guys go during lunch hours, you might have a bit of a wait as it's usually packed right around that time. There are plenty of signature...More"
"5 December 2019","5","Biriyani lovers...","You must  love the every dishes from here...
Spl chicken biryani,mutton etc
Porotta irachi.,appam mutta etc
Only for those who enjoy.."
"2 December 2019","3","Disappointed","Had been with 7 family members but unfortunately the wait time was almost an hour. And finally when set to order their famous chicken biryani found that it was exhausted. So decided to settle for some whole wheat parathas, appam, puttu with some chicken stew...More"
"28 November 2019","1","The popularity doesnt get justice","Nothing special about the restaurant. The food is just ok. Expected some retreat for sure. But name did not get the justice"
"14 November 2019","5","Good Food","If your looking good kerala cousins,please visit paragone restaurent,specialy appam and fish curry.

If your looking good and tasety malabar food ,you should visit paragone restaurent,should try appam and fish curry."
"12 November 2019","1","Unsatisfactory. No stars. ","Hi. Every month once I bust Calicut. And always have one dinner at paragon to relish my tastebuds with local gone feel cuisine. But sadly it has lost all its glory over the years. In simple words horrible. All dishes such as prawns dear fish...More"
"11 November 2019","5","Taste buds","One of the most frequent visited restaurants in city, breakfast to soothe # mutton varitayathu with appam# grand vegetarian or fish curry meals # do visit and taste the daily specialities # value"
"6 November 2019","5","Paragon restaurant is number one","What to say about paragon kozhikode. Words are less to explain about tne hotel. However we praise the tasty food, it will be less. Excellent tradititatse is their highlight. No other hotel in kozhikode can beat their tasty food. Must visit spot."
"31 October 2019","5","Good hotel","On beach road. Around 1km from mananchira. Food is very good. Veg and non veg are available. One of the best hotels in Kozhikode"
"31 October 2019","5","The ""mecca"" of maalbari cuisine! ","By far the best restaurant possible in kerala.... Wait India! Amazing food with insane consistency. Try the fish mango curry with kerala paratha and u won't look back! Beware of long queues during weekends. To finish off ask for tender coconut pudding. A visit to...More"
"31 October 2019","5","Good restaurent","Very good restaurant providing very tasty food. The service is very fast and very good. They have a good parking place close to the restaurant.  Overall had a very good time."
"23 October 2019","5","Best hotel in Malabar","The best place t have th famous Malabar biriyani.. Yh Top restaurant in calicut along with top form in terms f Malabar dum biriyani in my openion.."
"23 October 2019","3","Below expectations","Well, I guess everyone has a bad day. Going by the plethora of super reviews on the net, we went in expecting something truly wonderful. But to our bad luck, we didnt have a good experience there.

The queues are truly very long, and you...More"
"16 October 2019","4","Best food in the area","Chicken biriyani is superb. Also the mango fish curry and appam is delicious. Well behaved staff and ample car parking."
"15 October 2019","4","Just Taste it","One of the most popular restaurants in Calicut having a branch at Lulu mall Kochi. The best place where you get treated with all sorts of cuisine. The splendid menu offers you a variety of dishes. When you visit *Calicut Paragon*, just check the menu...More"
"10 October 2019","5","Superb, Yummy Food","This place has the best fish curry I have ever had its called the mango curry with pcs of raw mango in it, it was amazingly good. All the dishes we ordered including the fried fish were great. The spice level was just perfect the...More"
"9 October 2019","5","Fantastic","Excellent food varieties at nominal cost. Must wait and eat don't miss it. It will be an unforgettable experience."
"7 October 2019","5","Great","It is tricky to get food here it always crowded,but the food here very tasty and customer service great and totally satisfied with the service there .the atmosphere is great and calm"
"1 October 2019","4","The king of chicken briyanies.","This place is well known among tourists as well as the natives. The exquisite chicken briyani is the main attraction of this place . Costs 160 ‚Çπ a plate. Which is totally worth it.  A must place to visit in Calicut.."
"29 September 2019","5","A delight to the senses","One of the oldest restaurants with a mind boggling array of varied scrumptious fare! The appams are out of this world. Prawn, Squid, Lamb, Beef are all highly recommended. The Indian desserts are a definite yes! All in all a very pleasant evening!"
"29 September 2019","5","Best chicken","One of the best chicken destination in Kerala. Its gives really very delicious and tasty food at affordable price."
"13 September 2019","5","Best Chicken Biriyani Ever","""Good tasty food...Bit delay in serving but worth a wait....very busy location...""
	""Must try dishes are tribal beef, pandanous chicken and mango fish curry""
	""""The atmosphere is hygienic and the quality of service is excellent."""""
"4 September 2019","4","food is good but crowded and expensive","food is good but crowded and expensive
food is really awesome,space is clean and hygienic,staff s good but the probs is its overcrowded,waiting time is high,and a bit expensive comparatively .have got ample parking also."
"4 September 2019","4","Best for traditional Indian food","Probably we will ask whether we should go to paragon to eat porotta. My husband ordered it and I have to say that it was delicious. Along with that I liked their mutton curry.  Traditional Indian items are good"
"7 August 2019","5","Delicious treat","A connoisseur's paradise. This place never fails to delight. Best items there are appam and fish curry. The mango fish curry is a must try. Also the biryani. Best place to go for authentic Malabar food."
"1 August 2019","4","Family Dining","Special Dining Experience , kerala meals is speciality , clean restaurant , family and party halls are available ,"
"31 July 2019","4","Food was amazing ","The service was great and the food was even greater. I enjoyed it to the maximum with my 9 members of my family."
"30 July 2019","5","Paragon In calicut is a must visit...","The food is very tasty .. but one has to go early for lunch as it is so crowded any day and you might have to wait until you get a table. That in itself shows the quality of the food there. Awesome!!"
"25 July 2019","5","Paragon Calicut review","As a first time visitor in Calicut, we decided to visit Paragon because of Google Reviews.The staff were very welcoming and the dishes tasted excellent.Particularly enjoyed the chana(chickpea)gravy,beef fry and appam."
"23 July 2019","5","Family","Superb food... Especially Kerala foods ... Fish mango curry and porrotta etc... Meals are superb.. fish tawa fry is yummm"
"20 July 2019","1","Poor customer service","I arrived there one afternoon ..only to find myself at the end of a queue that stretched on to the street. Of course the driver had left in search of a parking face which seemed non-existent. On inquiry at the restaurant i was shown a...More"
"5 July 2019","5","Delicious foods","One of the famous restaurant in Kozhikode. Paragon biriyani is so famous and delicious. Must try biriyani. There are lot more varieties."
"3 July 2019","5","Praragon - a restaurant not to miss when you visit Kozhikode","A restaurant that we invariably take any of our guests who visits us in Kozhikode - particularly those who are fond of Non-vegetarian food.  The varieties that they have in non-vegetarian dishes, more so in fish, is really mind blogging. So far all those whom...More"
"3 July 2019","5","The best place in Kerala to eat :)","Paragon still dominate as the best restaurant in Kerala with varieties of foods .. My favorite food here is Palappam and chicken stew <3"
"29 June 2019","5","Nothing","Appam fish mango curry very tasty then beef item very nice then chicken biryani.very well tasty appam"
"8 June 2019","5","Excellent","Great food,  reasonable prices 

The only negative is the sheer volume of people,  you'll likely be waiting for a table"
"7 June 2019","5","Good Taste & Service","All the dishes we have ordered (Beef fry, Briyani, Fish Curry, Squid Fry, Appam, Kerala Barotta) is tasty and the pricing is very reasonable.
paragon signature fish curry with mango is top of the world.
Squid fry is also very delicious.

Must try restaurant when...More"
"7 June 2019","5","Awesome","The best Malabar chicken biryani I ever had.. very tasty meat and flavourful rice.. prawn mango curry & porota is another highlight. Super crowded place and very popular. Waiting time is minimum 30mins. Pricing is very cheap. Must try when in Kozhikode"
"6 June 2019","4","Frequently visited  place.","The food is great with a lot of variety and affordable  and a popular place among us Kozhikodans. Has branches in many places. Crowded during peak hours  as space is limited.  The space constraints  effects the ambience and relaxed  seating arrangements."
"5 June 2019","5","Great Tasting food","Good tasty food with sufficient quantity and reasonable price. The ambiance is perfect in the AC restaurant but a lot of rush at the Non AC restaurant."
"4 June 2019","4","A visit for kozhikodan flavor","We visited the restaurant while coming back from mysore. The food we ordered (biriyani,chicken kaandhari & prawns) was amazing. We enjoyed the food and ambience.
There is ample parking space and we highly recommend anybody passing by calicut to have a must visit to paragon"
"26 May 2019","5","Delicious food","The mango curry and parota was amazing. Very good option in Kozhikode and interesting to know it is retained its taste and popularity for decades together"
"25 May 2019","5","Awesome ","Yummy food. A must visit place and the best place to eat food. It‚Äôs always crowded and it shows the quality of food."
"22 May 2019","5","Amazing food!","It is a very ancient establishment (since 1939) with four branches in Calicut n another few in Dubai n ? Abu Dhabi but they have maintained the quality of food! The variety is exquisite and extensive, the taste is unbelievable! Actually ' The taste of...More"
"29 April 2019","5","Popular and tasy","They serve wide variety of foods. Great hospitality many types of foods...I lived my special Biriyani..must visit"
"13 April 2019","5","If we are eating from Calicut it will be from Paragon.","Excellent food for reasonable prize.
Good service.
Toilets and wash places in the ground floor need attention."
"25 March 2019","5","Magnificent restaurant","Old style restaurant with excellent tasty food. Tried the authentic dish Fish Mango Curry and Beef Ularthiyathu with Appam and Kerala Porotta. So amazing ..."
"23 March 2019","5","Excellent","Excellent & delicious food. And quality service. One of the best Hotel in Malabar. I suggest everyone should visit."
"21 March 2019","5","Synonym for taste and hospitality","Even with limited space constrains, may be its the reason for taste i think so. Paragon providing a good quality and tasty food. I am preferring Appam and Fish Mango Curry and also Chicken Biriyani with Fish fry as per mood and time. You can...More"
"13 March 2019","5","The name says IT all !!","As they say Calicut is identifiable by its distinctive taste and if true Paragon restaurant is one landmark at the center of the map. This being my second visit to this restaurant I did have a fairly good expectation of what lay in store. 3...More"
"4 March 2019","3","Popular!","One of the popular restaurants with good food, good service and good parking space. It's only two minutes walk from the famous Manamchira. It's an old structure and natural to feel congested especially during lunch hours. Impression-it's a costly affair and food is not so...More"
"1 March 2019","5","Tasty food","Your trip to Calicut won‚Äôt be complete without a visit to Paragon Restaurant here- a legendary name among restaurants in Kerala. Famous for its Biriyani, this easily recognizable hotel is situated at Kannur road near head post office and functions from 6 AM to 12...More"
"28 February 2019","4","Paragon calicut","It‚Äôs the one best restaurant serving tasty food at Calicut. It‚Äôs well know name in Kerala for tasty food in kerala"
"26 February 2019","4","Best hotel in Kozhikode ","This is one of the best hotel of Kozhikode city. The quality and taste of the food is popular even outside of the city too. Service is also very good."
"24 February 2019","5","Excellent Restaurant in Calicut, Kerala, India","Our guide recommended this restaurant on our arrival in Calicut. The restaurant was full although it was close to closing time.The food was fresh and delicious. The chefs did not make it too spicy as they realized we were from South Africa. The seafood dishes,...More"
"18 February 2019","4","Average. ","Decent place, walking distance from Raviz hotel. Waiters keep on nodding their head, even before you tell something, yes sir, yes sir. Language can be an issue, other than that, good is average."
"17 February 2019","5","An 80-year-old marvel!","I am here with five sales colleagues. Once we manage to get a table, the ordering is easy. All of us order ‚ÄúMeals‚Äù (Rs 160). Now a ‚Äúmeals‚Äù here is not a thali. It is a lot of bowls with a lot of food, served...More"
"13 February 2019","5","Delicious food","Enjoy delicious malabar cuisine at its best.The malabar dum biriyani & prawns fry is excellent and the charges are normal."
"13 February 2019","5","The best as always","It was difficult to find seats even at 3.30 pm for lunch . Such is the popularity of Paragon, arguably one of the best restaurants in Kerala.
Everything we ordered was delicious. Natholi fish fry, fish curry, chicken biriyani, ayakkura fish fry, porotta, ilaneer payasam....More"
"13 February 2019","4","Food","We visited at morning for breakfast. The food was so tasty. Clean surroundings. The waiters behaved very well.totaly it was a verygood experience."
"12 February 2019","5","Great food","Value for money centrally located   great food near to the market courteous staff near to the bus stand near to the railway station best food in town best South Indian food

Value for money centrally located   great food near to the market courteous staff near...More"
"4 February 2019","4","One of the best & most famous in Kozhikode","Paragon Restaurant is one the best & most famous restaurant of Kozhikode. And it will not disappoint you with taste. Lots of variety. Also, they have different divisions to cater all budget people."
"3 February 2019","4","Paragon","One of the best restuarants in calicut since years & my only choice for their famous appam & fish mango curry and also French soup... fish items,chicken biriyani,crab, meals anything & everything there is superb."
"1 February 2019","5","Awesome","Finally got to visit this iconic restaurant.Reached the hotel at 3pm and still had to wait for minutes. The food did not disappoint. Tried the bamboo biryani, mango fish curry with rice and prawns and king fish fried. Food did not let us down. Everything...More"
"30 January 2019","5","great restaurant..great food..must try","the aroma of the dishes there ,which every travellor dat passes by the overbridge ,is more than enough to describe the deliciousness of the food ...."
"30 January 2019","5","Good place to have Kerala style seafood preparations","Must try - Squid olathiyathu, mussels deep fry/ olathiyathu.  Fish mango curry was not up to the mark... paragon Biriyani is famous.."
"30 January 2019","1","Food  poisoning","Every trip to calicut is usually incomplete without a visit to paragon . However our lunch at paragon on 28th jan was extremely disappointing after we tried a new dish puttu biryani, both me and my husband fell ill with severe stomach ache and vomiting...More"
"27 January 2019","4","All good ","Simply good . But expensive .considering the casual dining and shared table two people costed us inr 990."
"27 January 2019","5","The best place to eat in kozhikode","This restaurant serves amazing food and has consistently done so for many years. It serves traditional and authentic south indian, continental and some Arabian dishes. They have very innovative creations from the base cuisine. It is very clean and organised and it is a safe...More"
"22 January 2019","5","Delicious and full of flavour!","This place was bustling - but the service was still fantastic. We made it a point to stop in on our way through Kozhikode... One night only! But we couldn't miss it and we were glad we didn't. Every single thing we ordered was delicious...More"
"19 January 2019","4","Best Restaurant in Calicut","Waiting time is always really high. But the taste of the food is worth the wait. Try the biriyani, beef  and sea food dishes"
"18 January 2019","5","Mutton stew and appam... Heavenly","We had our breakfast there before heading out to Kerala literature festival 2019.. and we were just simply happy... Excellent service too"
"16 January 2019","3","Food ","Average taste, this hotel is located near palarivattom junction. Its a low budget restaurant, and very nice service"
"16 January 2019","5","Good","Hotel paragon restaurant, superb tasty Kozhikode items, we all like the non veg items here, good and neet service"
"16 January 2019","4","Best Non Vegetarian Restaurant in Calicut","This is by far the most popular Non Vegetarian Restaurant in Calicut. They also serve Vegetarian Biriyani. However the whole restaurant is filled with Biriyani and Fish smell. Parking is available at the nearby open area. Lunch for 2 adults close to RS. 1000/-"
"15 January 2019","4","Best in calicut","This is the best hotel in Kerala.  All dishes are incredible. They are famous for biriyani, afternoon meals and beef."
"9 January 2019","4","Kozhikodan biriyani","Lovely food -  experienced the same taste of kozhikodan biriyani .Restaurant was crowded but service was perfect . Huge range of items on the menu 
Polite waiters .. Oh well, the food is fabulous and the waiters are polite."
"8 January 2019","5","Yummy fish mango curry!","Often visits Paragon Kozhikkodan Biriyani and Porotta or Appam with fish mango curry are tasty, Should try, never miss."
"8 January 2019","5","The best yet. Must do south india ","The food was outstanding. I had fish byriani and fried kingfish. Light not oily and fresh and tasty. 
There is a queue but only for 10 min. I was helped all the way by attentive staff 
Then my waiter attended. He explained and suggested food,...More"
"7 January 2019","5","Good as expected","This was our second visit nothing more nor less to add, same excellent service and food quality as expected."
"6 January 2019","4","Excellent! Too crowded on weekends though..","It ain‚Äôt just the Biriyani.. the fish moilee is heavenly! Goes very well with idiyappam/pathiri. The only glitch is the crowd management. It‚Äôs time they did something about this..online slot booking, perhaps?"
"27 December 2018","1","Paragon food order from train: Cheating","I confirmed my delivery with hotel twice by phone on train but in the station they were not there. Very poor response on calling also. Dont trust."
"25 December 2018","5","still the best biryani in Kozhikode","Be prepared to queue at lunch or dinner hours.  For just two people, though, the wait can be a short one.  The biryani doesn't seem as tasty and loaded as it was a few years ago but still outshines all others in Kozhikode."
"22 December 2018","5","Amazing food!","The place is always crowded but definitely worth the wait.!
mutton briyani is my favourite and next is parota!

Also done forget to taste the chips in the shop down the road below the flyover"
"19 December 2018","5","Taste of North Kerala","Paragon is a popular eatery with an outpost in Kochi as well. The one at Kozhikode is where its all began. The restaurant is known for its Kerala cuisine with a few North Kerala delicacies. The Prawn Curry with Green Mangoes is a must try....More"
"12 December 2018","5","Delicious!!!!","There can be no doubt about the food of this place. It should be a must visit for all those visiting Kerala!"
"12 December 2018","4","Popular restaurant in Calicut","Paragon is an old establishment that has kept pace with the changing times and is one of the top eateries in town. The service is very professional, a bit aloof but efficient. The style of service might seem arrogant at times but I guess it's...More"
"12 December 2018","5","Fantastic food.","An unforgettable experience. Very tasty food with variety. Located at heart of Calicut with ample parking facility. Select the AC section. You may have to wait for sometime to ensure a seat. But very prompt service."
"12 December 2018","4","good for family visit","the food is great. at lunch time may have to wait to get a table. the wash area toilet needs more space."
"11 December 2018","4","Tasty Biriyani ..","I had one of the Tasty Biriyani today from Paragon Restaurant. I am sure guys everyone will like this biriyani to eat again and again..also they have managed larger parking area for customers"
"11 December 2018","4","Biryani super","Having chicken biryani from paragon is a privilege of kozhikodens. It is splendid in taste. But service quality needs to be improved. Parking is also a big trouble."
"11 December 2018","5","mouth watering dishes...","u can have nice malabar cuisine from paragon. whenever i visit calicut, my must go place is hotel paragon. have particularly liked chicken biriyani and fish mango curry. Though wehave to wait for some time to get seats , its worth the wait..."
"7 December 2018","5","best food for affordable price.","meal was excellent.catering service was also top class for the money we had spent.overall, choose this restaurant if you want to have some good food with an affordable price"
"11 November 2018","5","Too class","This restaurant is worth the hype. Have ample car parking(just cross the restaurant and security will guide till we park the car comfortably). There are a/c ,non a/c sections and a separate takeaway counter . We tried takeaway and it's perfectly organized . The most...More"
"31 October 2018","5","Best biriyani in town","I visited paragon with my family.i can undoubtedly say that the biriyani here is the best available in town.Recommend to families"
"8 October 2018","5","Terrific taste - must try ","Most popular restaurant in town - highly recommended! All fish and chicken items are good, one must try MANGO FISH CURRY and APPAM or WHEAT PARATHA. This combination is awesome...!!"
"30 September 2018","5","Most popular place in town ","Is very famous in Kozikode. Lot of people come here just  to have a parotha  and tea. We had a Masala dosa and mango fish curry and spam and parotha"
"25 September 2018","3","Great biriyani and it stops right there","The place is crowded all day and getting a place to sit is an uncomfortable wait. The chicken biriyani is typical and very tasty. I did not find it too filling, though it was adequate. No other dish including beef or prawn is anywhere close...More"
"20 September 2018","5","Food lovers must visit","I had heard about this restaurant but always missed to check this out and this time I was lucky to be there twice!!! Yes twice the place does a good culinary work. tried their Mango fish curry and appam with lime tea it was done...More"
"19 September 2018","4","Good","one of the best places to have food in calicut city where you can find variety of dishes including good seafood"
"11 September 2018","4","Good.","This is a gem of a restaurant in Calicut. Few things I suggest are- 
1. There's literally over a hundred of people already waiting in queue whenever you would visit the place at noon. The building could be expanded vertically with a few more floors....More"
"11 September 2018","5","Fish mango curry and Appam","If you are visiting this place, please try their fish mango curry with Kerala porotta or Appam. Definitely worth it."
"8 September 2018","5","Must visit for fish & prawn lovers!","One of the best restaurants I‚Äôve been to. The Tawa Fry Prawns and Fish Mango curry was too good. I went there for lunch and the food was so delicious that I got my dinner too packed from there. Kerala/Malabar Parotha was tasty too. They...More"
"7 September 2018","5","What a foodüòãüòã","What a meal it was, we ordered chicken and mutton biryani with parotta and fried chicken it was too good and it was yummy tummy, it was so tasty that we just ate everything specially biryani was too good flavoured rice and tender chicken was...More"
"3 September 2018","5","The Original","This is one of the best sea food restaurants not only in South India but in India overall. I had visited them in Dubai and it was good. However, this place has a different appeal. The colonial look gives it a heritage status."
"3 September 2018","5","Excellent Food and Service","Very tasty biriyani items....the real taste of malabar and quick service very neat and clean service."
"2 September 2018","4","Had a mouth watering biriyani","Me and my friends had a mouth watering and stomach full biriyani. I came to know that the ordinary chicken is not used in this hotel. The special chicken having some medicinal value is used."
"1 September 2018","5","Family Dinner","Nice choice of menu and the preparation and the taste is wonderful.we always sugggest other friend as well"
"30 August 2018","4","Tasty lunch","The soft flaky parotas and chicken curry was tasty and one feels like eating more than normal measure. Crowded but service is quick"
"28 August 2018","5","Tasty food","The hotel paragon restaurant is my one of the favourite place. I like there food items and really like there service also. I am so happily enjoyed it."
"28 August 2018","5","Best food & sevice","good parking facility, excellent food & service. You need to wait around 10-15 mins, but the food is worth waiting"
"23 August 2018","5","Foodies Paradise","This is where it all began.  Paragon at Calicut followed by multiple branches at various locations in India and UAE.  Their branches in UAE, Cochin and many other places can boast of one thing in particular - Quality.  All the food items are served hot...More"
"20 August 2018","5","Best Biriyani in City","This hotel established in 1939 is very popular for the various Kerala Cuisine, especially for those from Malabar region. There is a big que for getting a table in this joint. The chicken Biriyani served here is excellent. The Tribal Beef also was great!!!"
"16 August 2018","4","Too much crowd","Very crowded . Waiting time is too much . Food is good and very reasonable . Very old and famous restaurant . Recomend."
"16 August 2018","4","Restuarant ","Good food. Good serving. Quite near to the heart of the city. Ample parking place available. A special take away counter available."
"14 August 2018","5","The best Kozhikode restaurant","Paragon- the name only awakens nostalgia in those who have stayed in calicut

The beauty of this place is it caters to all strata of the society. The restaurant is divided into three areas which i would say general, semideluxe and premium. U will get...More"
"11 August 2018","5","Hype is real","when you think about visiting Calicut, Paragon is always a top priority.

On our way from Thrissur to Calicut International Airport took a small detour to have their famous Chicken Biriyani.

It was a friday, so there was long waiting list and we have to...More"
"8 August 2018","5","Wow place","Had lunch at paragon restaurant 
What a good 
Excellent is the word 
Quick service and really yum 
Must visit if in Kozhikode üëçüëç"
"7 August 2018","3","Crowded!","The place didn't lose its charm although a number of competitors are present now. The food is still excellent, and I'm glad that they never tried to make a compromise on that. 

The only problem - and its a big problem - is that the...More"
"7 August 2018","4","Want Sea Food - Paragon is the choice","If you want a hotel with good ambience and good food in Calicut ""Paragon "" is the right place.

Charges are also very nominal and good quantity also"
"7 August 2018","5","The best Restaurant ","Paragon is pride of Calicut. They can be rated in the following categories 
1. The best food in town
2. Wide variety of food 
3. The best biriyani in town
4. Experiences staffs
5. Ample parking
6. Super service
7. Very neat and clean 

Paragon...More"
"6 August 2018","5","Amazing Food","Good Food and variety of choices. Personal recommendation.. Ginger chicken Indian style and Naan. Nice ambience and you can always ask for chefs special. If you are a first timer then ask for chicken biriyani."
"5 August 2018","4","Chicken ginger was awesome","We ordered wheat porotta, chicken ginger, american chopsuey. The quantity was enough for four of us. The desserts (chocolate lollipop & ras malai) was also nice."
"4 August 2018","5","Excellent place for appam and curry","Great place for traditional appam and curry. The place is very helpful and also take order over phone. Used while rushing to the station"
"26 July 2018","4","King of Mutton Biriyiani","Best ever Mutton biriyani, cost Rs.230. Neat and Clean hotel. Very Rush area. Good quality food. A must visited hotel in Kozhikode. They have a variety of menu. Biriyani is their special one. They have branches in kochi."
"21 July 2018","5","Biryani","Great Biryani as it must be! We tried seafood and mutton and were not disappointed! We also had a pepper Chicken with fresh pepper I believe. Good and spicy."
"14 July 2018","4","Good Lunch","This hotel signifies same as of generations. From the starting to the present setup of their generations. Food is great, but little overpriced. And we have to wait for long time to get a seat."
"13 July 2018","5","Good food but little over priced","Iagree that the food is really awesomeas well as  the ambience and service  . But always have a feel that for local cuisine why it's so highly priced."
"11 July 2018","5","Butiful experience","It was suggested to us by our driver , the food was great the best most othentik in area with large selection of Indian food , not easy to get a table on the weekend ."
"10 July 2018","5","Foodgasam!","When they say old is gold...this place truly personifies the meaning of this. I had been to calicut for the first time in my life and was aware this place was a must visit. We went there for lunch, the day after ID. The crowd...More"
"10 July 2018","5","Best restaurant in Calicut for traditional foods","As I am a Kozhikodan, Paragon is always my first choice with family. Even after many years, the paragon Calicut still maintains it's old quality standard and is one of the most sought after eating joint for"
"9 July 2018","5","Great place for authentic Malabar food","It was a very good experience though it was a bit crowded . The food was delicious and authentic . The service was good."
"27 June 2018","4","Still maintains the tradition","Even after many years, the paragon Calicut still maintains it's old quality standard and is one of the most sought after eating joint for Kerala non-veg cuisine"
"26 June 2018","4","Best place for authentic delicious local food","Our first day in Kozhikode and we followed the advice of a friend to check out this place for lunch..and as we entered the restaurant we could sense it was 'the place', full of people even at late lunch hour. The food and service was...More"
"19 June 2018","5","A yummy tasty experience","From olden days Paragon is one of the reasonable rate hotel with a lot of varieties.their Vellapam,wheat porota and paneer butter masala are the popular menu.also they have alapuzha vegetable curry,spinche dry fry,okra pepper fry to make vegetarians addicted.all the menus are very different and...More"
"19 June 2018","4","Superb tastey food","Paragon Is  one of the leading and well known restaurent in calicut. Appam with fish curry is so delicious . Service and Quality of food is good."
"19 June 2018","5","Awesome Hotel offering yummy food at affordable rates","This one Hotel should be a case study when it comes to local Kerala cuisine. Many other so called upmarket Hotels cannot compete with this one when it comes to authentic Kerala dishes.
A close study would reveal the attention that the Owner (Mr.Sumesh) gives...More"
"19 June 2018","5","Best Hotel in Calicut for Chicken Biriyani","Food is slightly expensive. The place is crowded between 1.00 PM and 3 PM. There is no advance booking. 
For lunch, order Chicken Biriyani or Veg Biriyani with Chicken Dry fry. For dinner, have appam and Fish Mango curry. Spring Chicken Pothi Biriyani is special...More"
"19 June 2018","5","The right place to taste authentic Kerala food","Located  on the beach road and is very popular among the locals. The restaurant offers both veg and non veg delicacies. They offer a complimentary welcome drink made from mint and it is very tasty. The service is quick and excellent. The food is very...More"
"19 June 2018","4","One of the Restaurant King in Calicut","Let‚Äôs start with the positives. The Paragon, in Calicut, is a family-run business that provides all-time food from Morning to Night.

It‚Äôs been elegantly styled with easy-on-the-eye fabrics, a nice combination of painting and plenty of spaces and neutral tones. There are comfortable seats, restaurant...More"
"13 June 2018","3","Average Food experience","We have ordered chicken, paneer, nan, ghee rice and ended with lime tea...the tea was the best and most satisfying of all."
"12 June 2018","5","Great tasty food.","Try appam and fish Molly. Exceptional tasty food. Some times you have to wait for long. Still worth trying"
"28 May 2018","5","Tasty Kerala food","We enjoyed eating in this place, food are very tasty and service is also too good. Especially try spring chicken biriyani."
"25 May 2018","4","Family outling ","Enjoyed the food and warm service . They have outstanding Kerala dishes esspicially from malabar region. Would like to visit again."
"25 May 2018","5","Always the best in Calicut!","Always the best in Calicut,always serve the best food!appam,fish Moli,mutton varratiyathu are my personal favorites."
"20 May 2018","5","No words, but you have to wait.","No words to explain the taste. My wife had one of the best prawn biriyani from here. Only the thing is that, you have to wait to get your seat. We had the lime tea also from there and it was awesome."
"10 May 2018","5","Food to die for !!","Amazing amazing food üëåüèΩHad Fish curry meal,squid,mango fish curry ,karimeen and Chicken biryani . Taste was amazing and should never miss this place when you visit Calicut.Ambience is decent and clean.Would give a 10/10 rating for this place ."
"9 May 2018","5","""OUTSTANDING FOOD""! ","Everything we tried was just sooo amazing! The mango mean curry was to die for and a must try üòç the squid homely fry masala dish was also sooo good. The chicken biriyani was good too..We are high on food. 
Amazing food and actually quiet...More"
"29 April 2018","4","Busy restaurant ","It is hard to get seats in this busy restaurant. So we have ordered chicken chilly and squid biriyani as take away.It took 30 min to get our food. The chilly chicken was delicious and we loved it. The squid was bit rubberish so we...More"
"23 April 2018","4","Good over here, Sure gonna hit all
your taste buds.","Amazing place with quality food especially if you are a sea food lover.
Restaurant has 3 section 2 non Ac and 1 ac part.
Food is mouth watering make sure to get guidance from the staff on what to choose as there are many awesome...More"
"20 April 2018","5","Fooding","The paragon biriyani is very famous especially the chicken biriyani. The hotel is very nice ,clean with good food and service."
"17 April 2018","4","Malabar Sea food","Best place to have Kerala Malabar type food, specially seafood's. Loved the taste of spices specially in fish."
"15 April 2018","5","Fresh and Tasty seafood","so far has visited the hotel around 8 times. Tasted their biryani, fish mango curry, wheat parrota, grilled squid, Grilled prawns and fish. Each of these dish tasted fresh and good. Quantity wise, each portion would be suffice for two persons. Quite expensive but worth...More"
"12 April 2018","5","Hotel Paragaon","This is old most famous resturant in kozicode city,It is must visit restaurant with extremly good qualities food preferably keralian and sea foods"
"11 April 2018","5","Superb","My colleague had convinced me to join him for lunch at this restaurant, he promised me I would not regret it. He was not wrong. We came here for lunch shortly after opening time as the queues here are really quite something. The food was...More"
"8 April 2018","4","Incredible Biriyani ","Had visited his place as it was quite famous. The location is below an old flyover and you need to park diagonally opposite on the road. Expect a long wait as there is no token system. You actually need to stand right next to someone...More"
"6 April 2018","5","Delicious Malabar cuisine","Lived up to their name in terms of taste and quality of dishes. Biryani is awesome. So are the other dishes."
"30 March 2018","4","Best sea food","Amazing sea food in Calicut! Very reasonably priced! Good to try shrimps and fish here.Aappam and chicken curry is very yummy here"
"28 March 2018","5","Must go once","Hotel Paragon in Kozhikode is another famous restaurant in Calicut.  They have a tradition in this field.  If you go there for lunch,  you will have to be in the queue. It doesn't mean you have AZ very to stand. There will be such a...More"
"21 March 2018","5","Gastronomical Delight - Hotel Paragon, Calicut","When in Kozhikode and you think of food, the one place without doubt is Hotel Paragon. Each food item is a delight. The staff are very friendly and the exciting thing is the fast and prompt services. The welcome drink is a pure delight. Please...More"
"16 March 2018","4","Good food.good service","Had lunch here. Loved the biryani. Kids had fried rice and chilli chicken and those were also very good. Only problem was the crowd and congestion."
"7 March 2018","4","Tasty food..But bit disappointed because of the below average service","I was travelling to Cochin with my family from Wyanad and we decided to stop here for lunch even after realizing that we have to drive around 14 kilometers extra. We waited almost 20 minutes for the table but it was worth because the food...More"
"5 March 2018","4","Family dinner","One of the best family restaurant in Kozhikode. Authentic and hygienic Kerala food. Courteous service. Malabar biriyani and fish specialities are recommended."
"5 March 2018","5","A must for all foodies","Paragon Restaurant is a must to all visitors to Kozhikode. Stick to the Kerala dishes on the menu and you cannot go wrong. There is always a waiting period as they do not accept reservations but believe me the food is worth the wait. Reasonably...More"
"4 March 2018","5","Calicut food trip 2018","The trip started off with a chicken biryani from paragon which was too good and the next day we had appam chicken stew and beef roast. I would suggest everyone to try breakfast also from here since it's famous for biryanis i guess all would...More"
"4 March 2018","5","Musssstt visit!!!","You did not eat in Calicut if you did not eat at Paragon! 
Two times I ate and the food was good both the times. I will strongly recommend the Mango fish curry here. Have seen people go gaga about it, but it stood true...More"
"2 March 2018","4","Must try Biriyani","As the restaurant famous for biriyani we also tried the same. Good taste and preparation. Good service. Need to wait in long q to get in. Ample car parking available. Worth to visit"
"2 March 2018","5","Must try for non-veg lovers","Went with my colleague during my business trip. Ordered chicken biryani, meen pollichathu, appam and mutton stew, ilaneer payasam. 

5 stars for the biriyani. Meats were tender and soft. Meen pollichathu and appam was also very good and tasty. Felt ilaneer payasam could have been...More"
"24 February 2018","5","Wow....","Paragon is the brand with aeeso.e Malabar dishes.We really enjoyed this place.Nice for an large get together."
"18 February 2018","2","Too noisy ","Food was good. But the place very noisy. It's also part of the customer service. The owner has to do something about the echo."
"18 February 2018","5","Loved it! ","Passed by for a dinner with my friends and we absolutely enjoyed it. Friendly service and we got the seats after some waiting the first time we came here and but got it almost spontaneously after we came this time. 
The seafood dishes are a...More"
"5 February 2018","5","Great taste that fills your mind and stomache..","One of the oldest restaurants in calicut, where you can find a variety of dishes.. we can enjoy the sea food varieties from here..."
"1 February 2018","4","Good food..........","Enjoyed lunch with family. The food is good. Ambience is fair. Fair pricing. Service was good. There is a choice of Kerala and other food, both vegetarian and non-vegetarian"
"30 January 2018","5","Must try place ","This place is famous for chicken biryani and sea food.
Very moderately priced and good ambience too.."
"30 January 2018","4","Need to experiment more","Had the authentic Paragon Biriyani. It tasted good. Would like to taste more dishes during my upcoming visits.."
"29 January 2018","2","Overhyped poor service - high dose of chilli","Quite a few recommendations made me go here with family. Service was poor. So many waiters around but the rotis arrive 10 mins after currys - not acceptable! And juices ordered along with the full course arrives at the end when the meal was almost...More"
"28 January 2018","5","The best","The best place to have biriyani at calicut.a must visit place.meals too good.have to wait to get a space . Crowded during lunch hours.but the wait is worth of the food we get."
"27 January 2018","5","What to say mote about paragaon","There was waiting time and we could.not make it for lunch and headed here for dinner..lovely staff and what an amazing service. We had a mix of vegetarians and non vegetarians. The food was exceptional. Highly recommend. The portion size is huge and always worth...More"
"24 January 2018","3","Overrated Restaurant.","I visited the Paragon Restaurant on 22.1.'18. I have visited the place several times in the past, starting from at least 20 years ago.

Popularity seems to have gone to the head of Paragon's management !  The dishes have become quite exhorbitantly priced, and that...More"
"24 January 2018","5","Excellent tasty food","Must to try the food when coming to Calicut..
Chicken, fish biriyani, appam and mango fish curry, Stew, meals with karimeen fry are excellent."
"23 January 2018","5","Always the top","Gives me surprises each time I go there,be it fish mango curry or the kanthari fish unique to this place...was delighted by the mouth watering spring chicken biryani...could visit innumerable times and will still be the best!"
"23 January 2018","5","Must visit  ","Simply amazing. It's probably the best in Calicut. We ordered crab soup, chicken steak, butter garlic prawns, karimeen polichattu, prawns mango curry with appam. Simply delicious. Quality far exceeded our expectation. Culinary trip to Kerala will be incomplete without this resturant. Excellent food (both traditional...More"
"22 January 2018","4","Paragon Restaurant","One of the best and traditional restaurant in Calicut. Good for families and entertaining visitors or business clients"
"22 January 2018","4","Must visit restaurant","As you all know, its a must visit restaurant in calicut.
Love chicken and mutton biriyani.
Kinda not like fact, that they put lot of Ajinomoto."
"22 January 2018","5","Tasty food... No words to describe .. Loved it..","Tasty food... No words to describe .. Loved it..
Tasty food... No words to describe .. Loved it..
Tasty food... No words to describe .. Loved it.."
"22 January 2018","4","Wonderful food","Great food. The ones we loved most include Fish mango curry, Thava fish fry. Spinach fry. Kabab platter is great as a starter"
"19 January 2018","5","An Excellent restaurant","We visited Paragon for the 7th time for Lunch. Paragon gives you excellent sea food prepared very tastily. It is fresh always. Prawns and mango fish curry were really top class. It is very crowded and its lobby is too small to accommodate people who...More"
"18 January 2018","5","Mouthwatering food. ","The food is simply great. The place is clean and service is prompt. Just the waiting area seems to be small compared to the popularity of the hotel."
"17 January 2018","4","Excellent Malabari cuisine","The biriyani was tastier at Topform, but other Malabari items like prawns, and several starters were extremely tasty."
"16 January 2018","5","Best hotel in calicut","Those who travel to calicut, should taste the food of paragaon without a fail.

This hotel provides a large variety of food at its best taste and rate.

Good hotel"
"15 January 2018","5","A Must for Visitors to Kozhikode","I decided to eat dinner at Hotel Paragon based on the very good reviews on Trip Advisor. 

We tried out fish biryani, whole wheat parotha and chowder. Excellent fare.

For authentic Kerala food, Hotel Paragon is the place. Especially for seafood.

The hotel was airconditioned...More"
"13 January 2018","5","Maybe the best food in Calicut?","We went to this restaurant both for lunch and dinner on our one night stay in Calicut. The place is clean, really good food, excellent selection and very friendly staff.

I came with my toddler and the waiters actually looked after him so I could...More"
"12 January 2018","5","Foodies delight","Warm hospitality, good food, everything about paragon is par excellence. Each time our visit here has been very satisfying .each time something new and so very good. The team is well trained. Keep it up team paragon ."
"8 January 2018","4","Very crowded place","No enough space. People will wait behind u to occupy the seats,making u uncomfortable. This place is simply overrated. Non veg food is equally good almost everywhere in kozhikkode.."
"3 January 2018","5","Excellent","One of the best restaurants if not the best in Calicut. Everyone visiting Calicut should definitely try once. Lots of local dishes to taste. variety of options available under veg as well as nonveg. South Indian meals for lunch is great"
"2 January 2018","5","Tasty sood","Very very very tasty food. I will give you five star on food taste.  But it take a littile bit time for receiving food order."
"2 January 2018","4","holidays","Great service. Have lot of variety. It's very clean and beautifully located next to the banks. Lavish greenery all around. Well maintained."
"31 December 2017","4","Traditional Malabar Food at its source...","We went there for dinner, at that time there is no rush. A Malabari restaurant there you can have biriyanis and other malabari dishes . Service could have been better.  One dish was old and stale (I visited very late in the night)."
"30 December 2017","5","TASTE OF MALABAR","Paragon provides delicious and smart taste of Malabar when you are at Kozhikode. Paragon was a small eating place in thie small city, Kozhikode. But the taste of Paragon has grown globally.
The taste of seafish/ chicken etc with appam is so delicious. Biriyani is...More"
"29 December 2017","5","Worth Visting for a vegetrian","This place turned out as a saviour of me as i was craving for vegetarian food , they serve good north indian food !
to my surprise the paneer was also well soft 
good ambience and service"
"28 December 2017","4","Tasty evening at Paragon","Tasted Appam / ishtu , Biriyani & special Kunjipathiri from paragon hotel on 25 th evening with family. Through serving Fresh and tasty food, paragon group proves their identity in all special preparations. 
Only  a negative impression is the space limitation. We got a seating...More"
"28 December 2017","4","Good food","Visited the restaurant after lot of recommendation from friends. They have parking facility. There is option for AC/Non AC dining. You need to wait for sometime, we waiting for about 20 mins, and before we got the table we had ordered the food. Only sad...More"
"27 December 2017","4","Place to go in focus mall","After the opening of Paragon in focus mall you needn't think of going out even for a fine dining experience..."
"26 December 2017","4","Iconic Restaurant!!!","Visited the iconic Paragon restaurant with family. The main intend was to try their famous chicken biriani. The biriani was rich with ghee & very well cooked chicken literally falling off the bone, however felt it did not live upto the hype created. Loved the...More"
"22 December 2017","4","Lovely authentic Kerala food ","Lovely food - the best we have had outside of Kerala. We arrived at 330 pm and was surprised to see the place was packed with lunch crowd still. Huge range of items on the menu but not all items are available. 
Polite waiters who...More"
"20 December 2017","5","best in kozhikode for biriyani","best place in kozhikode to have kozhikodan chicken biriyani.FISH items too tasty.always best........keep it always"
"11 December 2017","5","Iconic restaurant in Calicut","Your visit to Kozhikode is not complete without a lunch/dinner at Paragon. Celebrities to common folk - whoever knows anything about this city makes it a point to find time to go and have some of the uniquely tasty dishes they have at this iconic...More"
"10 December 2017","5","Good food","It is a nice experience with paragon ... Nice chicken biryani....  It's good to have food with family .. normally this place have a rush"
"10 December 2017","4","Amazing food","I have had Chicken Biriyani and Appam and Chicken Ishtu (stew) from this restaurant many times. Do try the Appam and Chicken Ishtu for breakfast if you are in town. The pricing of Paragon is mid-range."
"8 December 2017","5","Tasty Food","Tasty food affordable price good service parking facilities available parcel takes delay at peak hours"
"30 November 2017","5","Proud of kozhikode","One of the prominent restaurant in kozhikode.which have a nice menu.Good staff and good food. Ample parking  space .Rush place to get seat"
"22 November 2017","4","Little confusing response from waiter, otherwise good.","Pros:
+Good food
+Reasonable price
+Good ambiance
+Wide variety available in menu

Cons:
-Even though Fish/Prawn/mutton biryani was available, I was told they cannot serve half plate, even though it was available in the menu. In the end, I had to settle for chicken biryani,...More"
"21 November 2017","4","Best seafood around","Family restaurant although lighting could be improved. Very noisy but good seafood, I found to be on the oily side. Lovely laccha paratha."
"21 November 2017","4","Paragon @ Calicut ","When in Calicut and in the mood for Biryani & fish items & appam look no further, paragon restaurant is the place to be! The place is generally crowded especially at lunch time. So suggest to reach there early. Parking facility is available with pick-up...More"
"16 November 2017","5","One of the best Restaurants!!!!","Paragon is one of the best restaurants in Calicut. You can get delicious ‚Äòkozhikodan‚Äô (foods of Calicut) from here."
"9 November 2017","4","Very good food;","Very good food; Only negative is you have to wait a bit to get your ordered items in peak hours....."
"7 November 2017","5","The yemi yemi star of calicut","While. I siting Calicut, enjoy the taste of Calicuts food varieties with a visit to Paragon. You can enjoy the variety of dishes start from sea foods with appams, enjoy the taste to stews and chaps from here. A must visit while you are in...More"
"5 November 2017","5","An old favorite","Paragon was one among the earlier non veg restaurants in Kozhikode. The orginal restaurant which started decades back near Mananchira, in the heart of Kozhikode, has today expanded into a modern restaurant. The tastes of dishes in Paragon remain scrumptious as it was in the...More"
"3 November 2017","5","Brand Name in Biriyanis! Excellent food and service","Paragon has been a brand name of Biriyanis. There was very big expectation, and they didn't disappoint either."
"30 October 2017","5","Biriyani..... itz yummy...","The best food in Calicut town... i will never miss food from Paragon when i am in Calicut town.. quick service and quality food.."
"17 October 2017","5","Great place for dinner","We came here with our driver (and friend) Sherin on his recommendation.  We were glad we did, the food was delicious, with plenty of choice - good value 2."
"16 October 2017","4","Paradise in Hyderabad ; Paragon in Kozhikode","Mutton Biriyani at its best in Kozhikode means Paragon. Like Paradise restaurant in Hyderabad. Paragon restaurant at Kannur road gives original Malabar food. We also tasted Hyderabadi Biriyani, Prawns Biriyani and Meals with Fish Curry. Fish, Chicken and Beef fry are all in local Kozhikodan...More"
"15 October 2017","1","Salty biriyani","Salty biriyani that i have ever eaten. And i didn't felt the service was good either. And i felt like they didn't give any value for my word when i told them the food was salty."
"11 October 2017","5","Everybody's favourite","The food was good, the restaurant itself is a bit dated, and could do with a makeover, but I guess people like the old look. The food was delicious, the welcome drink was nice, the coffee was to die for. Had beef curry after a...More"
"10 October 2017","4","The best restaurant in Kozhikode","I had witnessed from the logo of the hotel is started in 1939 . 78 years old..We were very curious to visit the restaurant.There were many guests waiting in the hall to take their table and we too registered our names and waited 30 minutes....More"
"9 October 2017","3","Breakfast on 5 Oct 17","Was disappointed at the general upkeep of the place. Cleanliness left a lot to be desired.
The food was not bad but could have been served with more class."
"4 October 2017","5","Food very tasty","i went to have a lunch in hotel parogon there we need to wait more than 1 hour in resturant . i was thinking about to all are waiting for food. why they are not going to another. i had asked someone about the taste....More"
"3 October 2017","5","tastiest beef biryani... yummy","with my friend visited Paragon Restaurant and ordered an awesome BEEF BIRIYANI, APPAM WITH MOLI FISH CURRY AND LAST WITH A LEMON TEA... The food, place, staff and service fabulous."
"3 October 2017","5","Best hotel in calicut","I said best because in regards to taste and quality of food and also the service. Its also good. There is ample space for parking too. One should try salads and fish items."
"1 October 2017","5","Gatronomic delight ....","The restaurant has been in the in my list ever since I visited Calicut the first time in 2004. The place has expanded, become cleaner, brighter, a bit more expensive... but still hold on to the fantastic food.

Banana leaf fish, mutton and chicken... all...More"
"1 October 2017","5","Continues to Delight","This place continues to delight, i have been visiting this place for quite a few years, and they have maintained their level quite well. The mango fish curry, biryani, fish dishes - all are simply out of the world and must have when you are...More"
"29 September 2017","5","Nice Time with Paragon","it was the nice time with Paragon along my friends. tasty food, good serving,and also we got a good parking area"
"26 September 2017","5","Consistent performer","A meal or two in Paragon is a must when visiting Kozhikode. In fact there were many visits just to have a meal there. In Kozhikode, you cannot find a better place to eat. It is the epitome of any food pilgrim in the South."
"25 September 2017","4","Good service","It is one of the most trusted restaurant in Kozhikode city.The food offered by them is good and their service.The appam and veg kuruma of Paragon is very good.I liked this restaurant very much."
"25 September 2017","4","Nice malabar cuisine","Had breakfast and lunch here. Malabar parotta, appam and kadala curry for break fast. Though I hate coconut oil in dishes, this was an exception. Loved the soft feeling of appam dipped against tasty kadala curry and gulping it down. Parotta was good as well....More"
"24 September 2017","4","Good service but has the food quality stepped down","Had breakfast on one day and lunch another day. Visited them after 3 years.
Service was good including efforts to quickly seat us and serve us.
But somewhere I feel their quality of taste has come one or two notches down.
We had appam and...More"
"23 September 2017","5","Superb","Had Biryani it tasted great.  Must tryouts. Its a clean place and crowded must say.  If u get a place do try there biryani"
"20 September 2017","5","Best food in Kerala","I visit Paragon once in a month with my family. Highly recommended for the best food across all District in Kerala. The hygiene, service, taste all are exceptional here. Even if you need to wait in the queue for sometime, it's worth as the variety...More"
"16 September 2017","4","Tasty food","Again landed there because paragon was the famous place in calicut to eat.

Famous for its chicken biryani- interesting because the rice is small and it is different from the Lucknowi biryani. Very tasty.

We ordered a prawn dish- forget the name now. This blended...More"
"16 September 2017","4","Tasty Food with Confused staff..","Had lunch at paragon,We had a chicken biriyani which  was good and taste . but service need to be improve most of staff were confused in their service."
"15 September 2017","5","I could eat at Paragon everyday!","Out of the 5 days I was in town, I ate there 4 times! The nadan chicken was my favorite, and a MUST try! The Thai grilled prawns were amazing, the Fish pollichathu was beautiful, the mango curry delicious, and I could eat their paratha...More"
"15 September 2017","4","Tasty Calicut","Paragon,one of the best restaurant in Calicut. Tasty food, good service,cleanliness are are the best qualities."
"13 September 2017","5","Dinner at paragon ","It was really good... I was traveling from kazargode to cochin and the only place I prefer in between is paragon. The taste quality and most Importantly the cleanliness paragon stands out.. I this time had appam , puttu, soups and fish mango curry... really...More"
"10 September 2017","5","Authentic Indian Cuisine","Whether Take Away, AC or Non AC rooms, the food is exceptional quality.  I took away butter chicken, rice and parota"
"9 September 2017","4","Waiting period- you need to do something for it.","Food, there isn't any second thoughts on it. As a restaurant started in 1939, and is still in business is a definite testimony for the food that's served. But try creating some mechanism for increasing capacity. 
üëç"
"8 September 2017","5","Flavour Of Kozhikode","No visit to Calicut is complete without a taste of Paragon Biriyani. You may need to reserve a table unless willing to wait. Since its a high turnover joint will get a table rather faster than expected. The staffs are courteous and efficient. Before you...More"
"6 September 2017","5","Re - Paragon Calicut","Ambiance is good and staff is courteous same as Edapally. Here in Calicut also they have a diverse menu with lot of food options. Food was good and taste was nice as well. Perhaps they can work on making North Indian food better however their...More"
"6 September 2017","5","Superb quality food","My target was to have a great lunch ""non-veg biryani"" and veg fried rice. Though it was difficult to get to the location due to onam festival, finally reached the area and had to wait for 20 min due to rush. It was a superb...More"
"6 September 2017","3","Good non veg restaurant","This is a very famous and old and we'll established hotel for eating outside. Special non veg dishes including sea food and biriyani, a recipe made from special rice is served. There is very big crowd and One has to wait hours to get the...More"
"6 September 2017","5","Lovely food","Very interesting unique food.it is really good in taste serving and very high gene environment..
I loved it.."
"6 September 2017","5","Home away from Home","One can feel that you have reached the right place with the smell of frying and masalas as you reach the hotel sorroundings.  The appams and Biriyani with fish mango curry, stew etc are excellent. I feel proud that we have such a hotel in...More"
